{"version": {"json_export": "188", "page_segmentation": "5", "schema": "1.1.0", "structure": "1.1042.0", "table_structure": "5"}, "extended_metadata": {"ID_instance": "B5 01 93 4F 9A B7 B2 11 0A 00 67 45 8B 6B C6 23 ", "ID_permanent": "39 39 20 42 33 20 38 45 20 34 46 20 39 41 20 42 37 20 42 32 20 31 31 20 30 41 20 30 30 20 36 37 20 34 35 20 38 42 20 36 42 20 43 36 20 32 33 20 ", "pdf_version": "1.6", "pdfa_compliance_level": "", "is_encrypted": false, "has_acroform": false, "is_digitally_signed": false, "pdfua_compliance_level": "", "page_count": 5, "has_embedded_files": false, "is_certified": false, "is_XFA": false, "language": "en"}, "elements": [{"Bounds": [0.0, 694.0, 26.0, 720.0], "Page": 0, "Path": "//Document/Reference/Figure", "attributes": {"BBox": [0.0, 693.9639999999781, 26.038899999999558, 720.002999999997], "Placement": "Block", "SpaceAfter": 11.25}}, {"Bounds": [69.41160583496094, 686.8320007324219, 545.16650390625, 733.0079956054688], "ClipBounds": [69.41160583496094, 686.8320007324219, 545.16650390625, 733.0079956054688], "Font": {"alt_family_name": "Arial", "embedded": true, "encoding": "Custom", "family_name": "Arial", "font_type": "TrueType", "italic": false, "monospaced": false, "name": "QTFMDD+Arial-BoldMT", "subset": true, "weight": 700}, "HasClip": true, "Lang": "en", "Page": 0, "Path": "//Document/Title", "Text": "Design Opportunities in Three Stages of Relationship Development between Users and Self-Tracking Devices ", "TextSize": 18.0, "attributes": {"LineHeight": 20.375, "SpaceAfter": 9.875, "TextAlign": "Center"}}, {"Bounds": [148.20700073242188, 665.6759948730469, 466.5491943359375, 681.6719970703125], "ClipBounds": [148.20700073242188, 665.6759948730469, 466.5491943359375, 680.6500244140625], "Font": {"alt_family_name": "Times New Roman PS", "embedded": true, "encoding": "MacRomanEncoding", "family_name": "Times New Roman PS", "font_type": "TrueType", "italic": false, "monospaced": false, "name": "YZJTCU+TimesNewRomanPS-BoldMT", "subset": true, "weight": 700}, "HasClip": true, "Lang": "en", "Page": 0, "Path": "//Document/P", "Text": "Da-jung Kim, Yeoreum Lee, Saeyeong Rho, Youn-kyung Lim ", "TextSize": 12.0, "attributes": {"LineHeight": 14.375, "SpaceAfter": 18, "TextAlign": "Center"}}, {"Bounds": [154.09860229492188, 651.9960021972656, 460.67791748046875, 667.7519989013672], "ClipBounds": [154.09860229492188, 651.9960021972656, 460.67791748046875, 667.7519989013672], "Font": {"alt_family_name": "Times New Roman PSMT", "embedded": true, "encoding": "MacRomanEncoding", "family_name": "Times New Roman PSMT", "font_type": "TrueType", "italic": false, "monospaced": false, "name": "UNKKPZ+TimesNewRomanPSMT", "subset": true, "weight": 400}, "HasClip": true, "Page": 0, "Path": "//Document/P[2]/Sub", "Text": "KAIST (Korea Advanced Institute of Science and Technology) ", "TextSize": 12.0, "attributes": {"Placement": "Block"}}, {"Bounds": [237.0731964111328, 638.0760040283203, 377.69419860839844, 653.8320007324219], "ClipBounds": [237.0731964111328, 638.0760040283203, 377.69419860839844, 653.8320007324219], "Font": {"alt_family_name": "Times New Roman PSMT", "embedded": true, "encoding": "MacRomanEncoding", "family_name": "Times New Roman PSMT", "font_type": "TrueType", "italic": false, "monospaced": false, "name": "UNKKPZ+TimesNewRomanPSMT", "subset": true, "weight": 400}, "HasClip": true, "Page": 0, "Path": "//Document/P[2]/Sub[2]", "Text": "Daejeon, Korea, Republic of ", "TextSize": 12.0, "attributes": {"Placement": "Block"}}, {"Bounds": [152.12989807128906, 624.39599609375, 462.64491271972656, 640.1519927978516], "ClipBounds": [152.12989807128906, 624.9500122070312, 462.64491271972656, 640.1519927978516], "Font": {"alt_family_name": "Times New Roman PSMT", "embedded": true, "encoding": "MacRomanEncoding", "family_name": "Times New Roman PSMT", "font_type": "TrueType", "italic": false, "monospaced": false, "name": "UNKKPZ+TimesNewRomanPSMT", "subset": true, "weight": 400}, "HasClip": true, "Page": 0, "Path": "//Document/P[2]/Sub[3]", "Text": "{dajungkim, yeoreum_lee, saeyoung.rho, younlim}@kaist.ac.kr ", "TextSize": 12.0, "attributes": {"Placement": "Block"}}, {"Bounds": [54.0, 601.9411163330078, 105.81591796875, 614.6572875976562], "ClipBounds": [54.0, 601.9411163330078, 105.81591796875, 614.6572875976562], "Font": {"alt_family_name": "Arial", "embedded": true, "encoding": "Custom", "family_name": "Arial", "font_type": "TrueType", "italic": false, "monospaced": false, "name": "QTFMDD+Arial-BoldMT", "subset": true, "weight": 700}, "HasClip": true, "Lang": "en", "Page": 0, "Path": "//Document/H1", "Text": "ABSTRACT ", "TextSize": 8.8800048828125, "attributes": {"LineHeight": 10.625}}, {"Bounds": [54.0, 441.6991271972656, 297.90309143066406, 604.1390380859375], "ClipBounds": [54.0, 441.6991271972656, 297.90309143066406, 604.1390380859375], "Font": {"alt_family_name": "Times New Roman PSMT", "embedded": true, "encoding": "MacRomanEncoding", "family_name": "Times New Roman PSMT", "font_type": "TrueType", "italic": false, "monospaced": false, "name": "UNKKPZ+TimesNewRomanPSMT", "subset": true, "weight": 400}, "HasClip": true, "Lang": "en", "Page": 0, "Path": "//Document/P[3]", "Text": "Recently, self-tracking devices such as wearable activity trackers have become more available to end users. While these emerging products are imbued with new characteristics in terms of human-computer interaction, it is still unclear how to describe and design for user experience in such devices. In this paper, we present a three-week field study, which aimed to unfold users\u2019 experience with wearable activity trackers. Drawing from Knapp\u2019s model of interaction stages in interpersonal relationship development, we propose three stages of relationship development between users and self-tracking devices: initiation & experimentation, intensifying & integration, and stagnation & termination. We highlight the challenges in each stage and design opportunities for future self-tracking devices. ", "TextSize": 9.839996337890625, "attributes": {"LineHeight": 11.5, "SpaceAfter": 6.125, "TextAlign": "Justify"}}, {"Bounds": [54.0, 424.58111572265625, 131.33705139160156, 437.2972869873047], "ClipBounds": [54.0, 424.58111572265625, 131.33705139160156, 437.2972869873047], "Font": {"alt_family_name": "Arial", "embedded": true, "encoding": "Custom", "family_name": "Arial", "font_type": "TrueType", "italic": false, "monospaced": false, "name": "QTFMDD+Arial-BoldMT", "subset": true, "weight": 700}, "HasClip": true, "Lang": "en", "Page": 0, "Path": "//Document/H2", "Text": "Author Keywords ", "TextSize": 8.8800048828125, "attributes": {"LineHeight": 10.625}}, {"Bounds": [54.0, 402.33912658691406, 297.708740234375, 426.77903747558594], "ClipBounds": [54.0, 402.33912658691406, 297.708740234375, 426.77903747558594], "Font": {"alt_family_name": "Times New Roman PSMT", "embedded": true, "encoding": "MacRomanEncoding", "family_name": "Times New Roman PSMT", "font_type": "TrueType", "italic": false, "monospaced": false, "name": "UNKKPZ+TimesNewRomanPSMT", "subset": true, "weight": 400}, "HasClip": true, "Lang": "en", "Page": 0, "Path": "//Document/P[4]", "Text": "Self-Tracking Device; Human-Technology Relationship Development; User Experience Design ", "TextSize": 9.839996337890625, "attributes": {"LineHeight": 11.5, "SpaceAfter": 6.125}}, {"Bounds": [54.0, 385.2211151123047, 183.38900756835938, 397.9372863769531], "ClipBounds": [54.0, 385.2211151123047, 183.38900756835938, 397.9372863769531], "Font": {"alt_family_name": "Arial", "embedded": true, "encoding": "Custom", "family_name": "Arial", "font_type": "TrueType", "italic": false, "monospaced": false, "name": "QTFMDD+Arial-BoldMT", "subset": true, "weight": 700}, "HasClip": true, "Lang": "en", "Page": 0, "Path": "//Document/H2[2]", "Text": "ACM Classification Keywords ", "TextSize": 8.8800048828125, "attributes": {"LineHeight": 10.625}}, {"Bounds": [54.0, 362.9791259765625, 297.71546936035156, 387.4190368652344], "ClipBounds": [54.0, 362.9791259765625, 297.71546936035156, 387.4190368652344], "Font": {"alt_family_name": "Times New Roman PSMT", "embedded": true, "encoding": "MacRomanEncoding", "family_name": "Times New Roman PSMT", "font_type": "TrueType", "italic": false, "monospaced": false, "name": "UNKKPZ+TimesNewRomanPSMT", "subset": true, "weight": 400}, "HasClip": true, "Lang": "en", "Page": 0, "Path": "//Document/P[5]", "Text": "H.5.m. Information interfaces and presentation (e.g., HCI): Miscellaneous; ", "TextSize": 9.839996337890625, "attributes": {"LineHeight": 11.5, "SpaceAfter": 6.125}}, {"Bounds": [54.0, 345.8611145019531, 125.18930053710938, 358.57728576660156], "ClipBounds": [54.0, 345.8611145019531, 125.18930053710938, 358.57728576660156], "Font": {"alt_family_name": "Arial", "embedded": true, "encoding": "Custom", "family_name": "Arial", "font_type": "TrueType", "italic": false, "monospaced": false, "name": "QTFMDD+Arial-BoldMT", "subset": true, "weight": 700}, "HasClip": true, "Lang": "en", "Page": 0, "Path": "//Document/H1[2]", "Text": "INTRODUCTION ", "TextSize": 8.8800048828125, "attributes": {"LineHeight": 10.625}}, {"Bounds": [54.0, 197.1391143798828, 297.8007354736328, 348.0590362548828], "ClipBounds": [54.0, 197.1391143798828, 297.8007354736328, 348.0590362548828], "Font": {"alt_family_name": "Times New Roman PSMT", "embedded": true, "encoding": "MacRomanEncoding", "family_name": "Times New Roman PSMT", "font_type": "TrueType", "italic": false, "monospaced": false, "name": "UNKKPZ+TimesNewRomanPSMT", "subset": true, "weight": 400}, "HasClip": true, "Lang": "en", "Page": 0, "Path": "//Document/P[6]", "Text": "Self-tracking devices such as wearable activity trackers recently have become more available to end users. As noted in recent literature on smart products [21], emerging self-tracking devices are imbued with new characteristics in terms of human-computer interaction. For instance, the scope of human-computer interaction is not limited to a tangible device itself but includes the services the device provides, such as recommendations for health behaviors. In addition, the contents as well as the value it provides to users will be realized, tailored, and potentially evolve through the use of the device over time based on the ever-increasing data from individual users. While these characteristics imply that self-tracking devices do not simply follow the input-output ", "TextSize": 9.839996337890625, "attributes": {"LineHeight": 11.5, "SpaceAfter": 9.75, "TextAlign": "Justify"}}, {"Bounds": [53.99980163574219, 105.08856201171875, 282.39784240722656, 189.1675262451172], "ClipBounds": [53.99980163574219, 105.08856201171875, 282.39784240722656, 188.88999938964844], "Font": {"alt_family_name": "Times New Roman PSMT", "embedded": true, "encoding": "MacRomanEncoding", "family_name": "Times New Roman PSMT", "font_type": "TrueType", "italic": false, "monospaced": false, "name": "UNKKPZ+TimesNewRomanPSMT", "subset": true, "weight": 400}, "HasClip": true, "Lang": "en", "Page": 0, "Path": "//Document/P[7]", "Text": "Permission to make digital or hard copies of all or part of this work for personal or classroom use is granted without fee provided that copies are not made or distributed for profit or commercial advantage and that copies bear this notice and the full citation on the first page. Copyrights for components of this work owned by others than ACM must be honored. Abstracting with credit is permitted. To copy otherwise, or republish, to post on servers or to redistribute to lists, requires prior specific permission and/or a fee. Request permissions from Permissions@acm.org. ", "TextSize": 7.9199981689453125, "attributes": {"LineHeight": 9.25}}, {"Bounds": [53.99980163574219, 95.96856689453125, 205.53457641601562, 106.36752319335938], "ClipBounds": [53.99980163574219, 95.96856689453125, 205.53457641601562, 106.36752319335938], "Font": {"alt_family_name": "Times New Roman PSMT", "embedded": true, "encoding": "MacRomanEncoding", "family_name": "Times New Roman PSMT", "font_type": "TrueType", "italic": false, "monospaced": false, "name": "UNKKPZ+TimesNewRomanPSMT", "subset": true, "weight": 400}, "HasClip": true, "Page": 0, "Path": "//Document/P[8]/Sub", "Text": "CHI'16, May 07-12, 2016, San Jose, CA, USA ", "TextSize": 7.9199981689453125, "attributes": {"Placement": "Block"}}, {"Bounds": [53.99980163574219, 86.84855651855469, 237.30055236816406, 97.24751281738281], "ClipBounds": [53.99980163574219, 86.84855651855469, 237.30055236816406, 97.24751281738281], "Font": {"alt_family_name": "Times New Roman PSMT", "embedded": true, "encoding": "MacRomanEncoding", "family_name": "Times New Roman PSMT", "font_type": "TrueType", "italic": false, "monospaced": false, "name": "UNKKPZ+TimesNewRomanPSMT", "subset": true, "weight": 400}, "HasClip": true, "Page": 0, "Path": "//Document/P[8]/Sub[2]", "Text": "\u00a9 2016 ACM. ISBN 978-1-4503-3362-7/16/05\u2026$15.00 ", "TextSize": 7.9199981689453125, "attributes": {"Placement": "Block"}}, {"Bounds": [53.99980163574219, 77.48855590820312, 214.774658203125, 87.88752746582031], "ClipBounds": [53.99980163574219, 77.48855590820312, 214.774658203125, 87.88752746582031], "Font": {"alt_family_name": "Times New Roman PSMT", "embedded": true, "encoding": "MacRomanEncoding", "family_name": "Times New Roman PSMT", "font_type": "TrueType", "italic": false, "monospaced": false, "name": "UNKKPZ+TimesNewRomanPSMT", "subset": true, "weight": 400}, "HasClip": true, "Page": 0, "Path": "//Document/P[8]/Sub[3]", "Text": "DOI: http://dx.doi.org/10.1145/2858036.2858148 ", "TextSize": 7.9199981689453125, "attributes": {"Placement": "Block"}}, {"Bounds": [316.8000030517578, 566.9791259765625, 560.6032409667969, 614.4590454101562], "ClipBounds": [316.8000030517578, 566.9791259765625, 560.6032409667969, 614.4590454101562], "Font": {"alt_family_name": "Times New Roman PSMT", "embedded": true, "encoding": "MacRomanEncoding", "family_name": "Times New Roman PSMT", "font_type": "TrueType", "italic": false, "monospaced": false, "name": "UNKKPZ+TimesNewRomanPSMT", "subset": true, "weight": 400}, "HasClip": true, "Lang": "en", "Page": 0, "Path": "//Document/P[9]", "Text": "interaction, little is known about how this emerging form of interaction between users and self-tracking devices can be described and what should be considered in the design of such smart products. ", "TextSize": 9.839996337890625, "attributes": {"LineHeight": 11.5, "SpaceAfter": 6, "TextAlign": "Justify"}}, {"Bounds": [316.7998962402344, 388.65911865234375, 560.5496063232422, 562.3790435791016], "ClipBounds": [316.7998962402344, 388.65911865234375, 560.5496063232422, 562.3790435791016], "Font": {"alt_family_name": "Times New Roman PSMT", "embedded": true, "encoding": "MacRomanEncoding", "family_name": "Times New Roman PSMT", "font_type": "TrueType", "italic": false, "monospaced": false, "name": "UNKKPZ+TimesNewRomanPSMT", "subset": true, "weight": 400}, "HasClip": true, "Lang": "en", "Page": 0, "Path": "//Document/P[10]", "Text": "With this lack in mind, we conducted a study to unfold users\u2019 experience with wearable activity trackers. We thought that wearable activity tracker is one of the great examples of self-tracking devices to be studied, because it has been increasingly adopted in the market but also known for high rate of abandonment [9]. From the study, we found that users build an evolving relationship with their activity trackers, which we will describe in three stages. Also, users\u2019 experiences at certain stages of the relationship were affected by the quality of social transactions between users and their tracker systems. In this paper, we present three stages of relationship development between users and self-tracking devices by applying an interpersonal communication theory. By doing so, we suggest a new perspective for understanding and designing for user experience with self-tracking devices. ", "TextSize": 9.839996337890625, "attributes": {"LineHeight": 11.5, "SpaceAfter": 6.125, "TextAlign": "Justify"}}, {"Bounds": [316.7998962402344, 371.54112243652344, 385.0953826904297, 384.2572784423828], "ClipBounds": [316.7998962402344, 371.54112243652344, 385.0953826904297, 384.2572784423828], "Font": {"alt_family_name": "Arial", "embedded": true, "encoding": "Custom", "family_name": "Arial", "font_type": "TrueType", "italic": false, "monospaced": false, "name": "QTFMDD+Arial-BoldMT", "subset": true, "weight": 700}, "HasClip": true, "Lang": "en", "Page": 0, "Path": "//Document/H1[3]", "Text": "BACKGROUND ", "TextSize": 8.8800048828125, "attributes": {"LineHeight": 10.625, "SpaceAfter": 2.5}}, {"Bounds": [316.7998962402344, 358.34112548828125, 496.1428527832031, 371.0572814941406], "ClipBounds": [316.7998962402344, 358.34112548828125, 496.1428527832031, 371.0572814941406], "Font": {"alt_family_name": "Arial", "embedded": true, "encoding": "Custom", "family_name": "Arial", "font_type": "TrueType", "italic": false, "monospaced": false, "name": "QTFMDD+Arial-BoldMT", "subset": true, "weight": 700}, "HasClip": true, "Lang": "en", "Page": 0, "Path": "//Document/H2[3]", "Text": "User Experience with Self-Tracking Tools ", "TextSize": 8.8800048828125, "attributes": {"LineHeight": 10.625}}, {"Bounds": [316.79969787597656, 140.49911499023438, 560.5727081298828, 360.2990417480469], "ClipBounds": [316.79969787597656, 140.49911499023438, 560.5727081298828, 360.2990417480469], "Font": {"alt_family_name": "Times New Roman PSMT", "embedded": true, "encoding": "MacRomanEncoding", "family_name": "Times New Roman PSMT", "font_type": "TrueType", "italic": false, "monospaced": false, "name": "UNKKPZ+TimesNewRomanPSMT", "subset": true, "weight": 400}, "HasClip": true, "Lang": "en", "Page": 0, "Path": "//Document/P[11]", "Text": "Studies in HCI have led to the understanding of patterns and issues with regard to in situ user experience with self-tracking tools, such as the styles of activity tracking [16] and perceived errors and common pitfalls of tracking and inferring activity data [2, 3]. Recent studies on commercial wearable activity trackers have also revealed novel challenges, such as issues with remembering to wear a device and the aesthetics of devices [18]. While the work by Li et al. [12] is aligned with this paper in a sense that they also discussed how users\u2019 interaction with self-tracking tools changes over time, we focus more on unfolding the evolving forms of interaction between users and self-tracking systems, rather than the practices of self-reflection upon which they focused on. In addition, by using an interpersonal communication theory, we introduce a novel perspective for understanding user experience with self-tracking devices, which concerns the development of a relationship between users and self-tracking systems and the quality of social transactions between them.  ", "TextSize": 9.839996337890625, "attributes": {"LineHeight": 11.5, "SpaceAfter": 6.25, "TextAlign": "Justify"}}, {"Bounds": [316.79969787597656, 123.38111877441406, 549.0053863525391, 136.09727478027344], "ClipBounds": [316.79969787597656, 123.38111877441406, 549.0053863525391, 136.09727478027344], "Font": {"alt_family_name": "Arial", "embedded": true, "encoding": "Custom", "family_name": "Arial", "font_type": "TrueType", "italic": false, "monospaced": false, "name": "QTFMDD+Arial-BoldMT", "subset": true, "weight": 700}, "HasClip": true, "Lang": "en", "Page": 0, "Path": "//Document/H2[4]", "Text": "Social Transactions between Humans and Computers ", "TextSize": 8.8800048828125, "attributes": {"LineHeight": 10.625}}, {"Bounds": [316.79969787597656, 78.09912109375, 560.5479736328125, 125.57904052734375], "ClipBounds": [316.79969787597656, 78.09912109375, 560.5479736328125, 125.57904052734375], "Font": {"alt_family_name": "Times New Roman PSMT", "embedded": true, "encoding": "MacRomanEncoding", "family_name": "Times New Roman PSMT", "font_type": "TrueType", "italic": false, "monospaced": false, "name": "UNKKPZ+TimesNewRomanPSMT", "subset": true, "weight": 400}, "HasClip": true, "Page": 0, "Path": "//Document/P[12]/ParagraphSpan", "Text": "Even before the recent self-tracking devices, there had been studies that showed how people socially respond to computing technologies by emotionally being involved in systems, treating them as social actors, or by using the norms ", "TextSize": 9.839996337890625}, {"Bounds": [54.0, 649.7791137695312, 300.1199951171875, 731.5790405273438], "ClipBounds": [54.0, 649.7791137695312, 300.1199951171875, 731.5790405273438], "Font": {"alt_family_name": "Times New Roman PSMT", "embedded": true, "encoding": "MacRomanEncoding", "family_name": "Times New Roman PSMT", "font_type": "TrueType", "italic": false, "monospaced": false, "name": "UNKKPZ+TimesNewRomanPSMT", "subset": true, "weight": 400}, "HasClip": true, "Page": 1, "Path": "//Document/P[12]/ParagraphSpan[2]", "Text": "between humans when they interact with computing systems [4, 15]. Also, several works have investigated how people build a relationship with technological artifacts and how those artifacts can be improved through interactions over time with people in everyday contexts [6, 13, 22]. We extend this understanding of the relationship between users and technologies in the emerging context of self-tracking devices. ", "TextSize": 9.839996337890625}, {"Bounds": [54.0, 632.6611175537109, 115.19839477539062, 645.3772735595703], "ClipBounds": [54.0, 632.6611175537109, 115.19839477539062, 645.3772735595703], "Font": {"alt_family_name": "Arial", "embedded": true, "encoding": "Custom", "family_name": "Arial", "font_type": "TrueType", "italic": false, "monospaced": false, "name": "QTFMDD+Arial-BoldMT", "subset": true, "weight": 700}, "HasClip": true, "Lang": "en", "Page": 1, "Path": "//Document/H1[4]", "Text": "FIELD STUDY ", "TextSize": 8.8800048828125, "attributes": {"LineHeight": 10.625}}, {"Bounds": [54.0, 414.8191223144531, 297.8001708984375, 634.6190338134766], "ClipBounds": [54.0, 414.8191223144531, 297.8001708984375, 634.6190338134766], "Font": {"alt_family_name": "Times New Roman PSMT", "embedded": true, "encoding": "MacRomanEncoding", "family_name": "Times New Roman PSMT", "font_type": "TrueType", "italic": false, "monospaced": false, "name": "UNKKPZ+TimesNewRomanPSMT", "subset": true, "weight": 400}, "HasClip": true, "Lang": "en", "Page": 1, "Path": "//Document/P[13]", "Text": "We conducted a three-week field study to unfold people\u2019s experiences with wearable activity trackers. For the study, we deployed two commercial activity trackers, Fitbit Flex and JawboneUp 24, both of which had dominant market share as of our study, July 2014. We were interested in exploring whether the different designs for interaction in the two tracker systems would affect the quality of user experience or not. Through the screening survey of 48 applicants, we recruited eight novice users (four males) to investigate their genuine thoughts on, feelings about, and behaviors with their first experiences with the systems. The selected participants were Koreans in their 20s or 30s, mostly undergraduate and graduate students, who had an interest in using the newly released activity trackers. They had a varying range and degree of interest in health activities (e.g., having a great interest in dietary information or enjoying playing baseball regularly). We refer to each participant by their participant number and the initial letter of the device they used in the study (e.g., F1, J1). ", "TextSize": 9.839996337890625, "attributes": {"LineHeight": 11.5, "SpaceAfter": 6.125, "TextAlign": "Justify"}}, {"Bounds": [54.0, 121.29911804199219, 300.2604217529297, 410.2190399169922], "ClipBounds": [54.0, 121.29911804199219, 300.2604217529297, 410.2190399169922], "Font": {"alt_family_name": "Times New Roman PSMT", "embedded": true, "encoding": "MacRomanEncoding", "family_name": "Times New Roman PSMT", "font_type": "TrueType", "italic": false, "monospaced": false, "name": "UNKKPZ+TimesNewRomanPSMT", "subset": true, "weight": 400}, "HasClip": true, "Lang": "en", "Page": 1, "Path": "//Document/P[14]", "Text": "The three-week user study was designed to effectively observe the different use phases of activity trackers by simulating user experience from installation to uninstallation. At first, we provided one of the trackers to the participants and let them install the tracker by themselves. Then, participants were asked to use the activity tracker as they liked for three weeks, during which time we aimed to capture their experiences with diverse aspects of the tracker systems. Finally, at the end of the third week, they were asked to uninstall the tracker device. We asked them to think aloud during the installation and uninstallation so as to capture the vivid initial experiences with the systems instead of relying on recalls and to reveal the vivid terminal experiences as well, which were rarely addressed in the previous literature. We conducted weekly interviews with each participant to investigate the use pattern and the perceived benefits and difficulties of using the systems. With the aim of observing participants\u2019 natural engagement with the trackers, we did not force them to use the trackers until the end of the study. Rather, in the weekly interviews we inquired what and why some features of the activity trackers were not fully used. In addition, we provided a diary and asked participants to write their thoughts, feelings, and/or episodes related to the use of the activity trackers to capture a more nuanced experience that might not be discovered through the interviews. ", "TextSize": 9.839996337890625, "attributes": {"LineHeight": 11.5, "SpaceAfter": 6, "TextAlign": "Justify"}}, {"Bounds": [54.0, 80.9791259765625, 297.8042449951172, 116.69903564453125], "ClipBounds": [54.0, 80.9791259765625, 297.8042449951172, 116.69903564453125], "Font": {"alt_family_name": "Times New Roman PSMT", "embedded": true, "encoding": "MacRomanEncoding", "family_name": "Times New Roman PSMT", "font_type": "TrueType", "italic": false, "monospaced": false, "name": "UNKKPZ+TimesNewRomanPSMT", "subset": true, "weight": 400}, "HasClip": true, "Page": 1, "Path": "//Document/P[15]/ParagraphSpan", "Text": "We transcribed all the data from the pre-survey, weekly interviews, and diaries, which created over 130 anecdotes regarding the tracker users\u2019 experiences. We developed ", "TextSize": 9.839996337890625}, {"Bounds": [316.8000030517578, 661.0591125488281, 560.5479583740234, 731.5790405273438], "ClipBounds": [316.8000030517578, 661.0591125488281, 560.5479583740234, 731.5790405273438], "Font": {"alt_family_name": "Times New Roman PSMT", "embedded": true, "encoding": "MacRomanEncoding", "family_name": "Times New Roman PSMT", "font_type": "TrueType", "italic": false, "monospaced": false, "name": "UNKKPZ+TimesNewRomanPSMT", "subset": true, "weight": 400}, "HasClip": true, "Page": 1, "Path": "//Document/P[15]/ParagraphSpan[2]", "Text": "initial open codes by reviewing the data and iteratively analyzed the emergent patterns and themes across the data. Four of the authors conducted this iterative open-coding analysis together and reached consensus with regard to coding as well as the three stages we will report in the following section. ", "TextSize": 9.839996337890625}, {"Bounds": [316.8000030517578, 633.6211242675781, 560.3101348876953, 656.8972778320312], "ClipBounds": [316.8000030517578, 633.6211242675781, 560.3101348876953, 656.8972778320312], "Font": {"alt_family_name": "Arial", "embedded": true, "encoding": "Custom", "family_name": "Arial", "font_type": "TrueType", "italic": false, "monospaced": false, "name": "QTFMDD+Arial-BoldMT", "subset": true, "weight": 700}, "HasClip": true, "Lang": "en", "Page": 1, "Path": "//Document/H1[5]", "Text": "THREE STAGES OF RELATIONSHIP DEVELOPMENT BETWEEN USERS AND SELF-TRACKING DEVICES ", "TextSize": 8.8800048828125, "attributes": {"LineHeight": 10.5}}, {"Bounds": [316.7998046875, 369.9391174316406, 560.6744995117188, 635.8190460205078], "ClipBounds": [316.7998046875, 369.9391174316406, 560.6744995117188, 635.8190460205078], "Font": {"alt_family_name": "Times New Roman PSMT", "embedded": true, "encoding": "MacRomanEncoding", "family_name": "Times New Roman PSMT", "font_type": "TrueType", "italic": false, "monospaced": false, "name": "UNKKPZ+TimesNewRomanPSMT", "subset": true, "weight": 400}, "HasClip": true, "Lang": "en", "Page": 1, "Path": "//Document/P[16]", "Text": "From the data analysis, we found that participants built an evolving relationship with their activity trackers, and their experiences at certain stages of the relationship were affected by the quality of social transactions between the users and their tracker systems. We identified three stages of evolving relationships and transactions between a user and a wearable activity tracker, namely, i) initiation & experimentation, ii) intensifying & integration, and iii) stagnation & termination. In determining the stages, we were inspired by Knapp's model of human relationship development [7], which describes ten stages of interpersonal interactions in two directions of relationship development: coming together and coming apart. According to the model, the ways of coming together include the stages of initiation, experimentation, intensifying, integration, and bonding. The ways of coming apart involve the stages of differentiation, circumscribing, stagnation, avoidance, and termination. Although we adopted the terms proposed in Knapp's model in a much simpler manner, human behaviors described in this model enabled us to concretely elaborate on the evolving characteristics of the interactions between users and wearable activity trackers and to highlight the issues and design opportunities in each stage from a new perspective. ", "TextSize": 9.839996337890625, "attributes": {"LineHeight": 11.5, "SpaceAfter": 6, "TextAlign": "Justify"}}, {"Bounds": [316.7998046875, 352.8211212158203, 475.0672302246094, 365.5372772216797], "ClipBounds": [316.7998046875, 352.8211212158203, 475.0672302246094, 365.5372772216797], "Font": {"alt_family_name": "Arial", "embedded": true, "encoding": "Custom", "family_name": "Arial", "font_type": "TrueType", "italic": false, "monospaced": false, "name": "QTFMDD+Arial-BoldMT", "subset": true, "weight": 700}, "HasClip": true, "Lang": "en", "Page": 1, "Path": "//Document/H2[5]", "Text": "Initiation and Experimentation Stage ", "TextSize": 8.8800048828125, "attributes": {"LineHeight": 10.625}}, {"Bounds": [316.79969787597656, 238.65911865234375, 560.6709899902344, 355.01904296875], "ClipBounds": [316.79969787597656, 238.65911865234375, 560.6709899902344, 355.01904296875], "Font": {"alt_family_name": "Times New Roman PSMT", "embedded": true, "encoding": "MacRomanEncoding", "family_name": "Times New Roman PSMT", "font_type": "TrueType", "italic": false, "monospaced": false, "name": "UNKKPZ+TimesNewRomanPSMT", "subset": true, "weight": 400}, "HasClip": true, "Lang": "en", "Page": 1, "Path": "//Document/P[17]", "Text": "When the participants first encountered the given wearable activity tracker, they explored and experimented various aspects of the tracker system to understand what it is, how it works, and what value it would seemingly provide to them. Based on that, they got a sense of what features they would likely to use more or less. This process was quite similar to the series of behaviors people display when they first meet another person [7]: initiating a conversation with greeting, exchanging demographic information, and asking questions in order to seek the common interests or experiences. ", "TextSize": 9.839996337890625, "attributes": {"LineHeight": 11.5, "SpaceAfter": 6.5, "TextAlign": "Justify"}}, {"Bounds": [316.79969787597656, 211.6739959716797, 560.634765625, 233.7333526611328], "ClipBounds": [316.79969787597656, 211.6739959716797, 560.634765625, 233.7333526611328], "Font": {"alt_family_name": "Arial", "embedded": true, "encoding": "Custom", "family_name": "Arial", "font_type": "TrueType", "italic": true, "monospaced": false, "name": "FTUVOG+Arial-ItalicMT", "subset": true, "weight": 400}, "HasClip": true, "Lang": "en", "Page": 1, "Path": "//Document/H3", "Text": "The Challenge: The Gap between What People Imagined and What the System Could Do in the Initial Stage ", "TextSize": 8.8800048828125, "attributes": {"LineHeight": 10.375}}, {"Bounds": [316.79969787597656, 108.57911682128906, 560.6141662597656, 213.41903686523438], "ClipBounds": [316.79969787597656, 108.57911682128906, 560.6141662597656, 213.41903686523438], "Font": {"alt_family_name": "Times New Roman PSMT", "embedded": true, "encoding": "MacRomanEncoding", "family_name": "Times New Roman PSMT", "font_type": "TrueType", "italic": false, "monospaced": false, "name": "UNKKPZ+TimesNewRomanPSMT", "subset": true, "weight": 400}, "HasClip": true, "Lang": "en", "Page": 1, "Path": "//Document/P[18]", "Text": "As it is important to make a good first impression for the further development of an interpersonal relationship, we found this first moment was also important in the use of wearable activity trackers. Nevertheless, building a good first impression was especially challenging in the context of activity trackers like Fitbit and Jawbone because the actual contents that would help users make the decision to adopt the product were often in a blank state, which is also known as a cold-start problem in many recommender systems [17]. ", "TextSize": 9.839996337890625, "attributes": {"LineHeight": 11.5, "SpaceAfter": 6, "TextAlign": "Justify"}}, {"Bounds": [316.79969787597656, 79.53912353515625, 560.5421295166016, 103.97903442382812], "ClipBounds": [316.79969787597656, 79.53912353515625, 560.5421295166016, 103.97903442382812], "Font": {"alt_family_name": "Times New Roman PSMT", "embedded": true, "encoding": "MacRomanEncoding", "family_name": "Times New Roman PSMT", "font_type": "TrueType", "italic": false, "monospaced": false, "name": "UNKKPZ+TimesNewRomanPSMT", "subset": true, "weight": 400}, "HasClip": true, "Page": 1, "Path": "//Document/P[19]/ParagraphSpan", "Text": "Wearable activity trackers, however, have been promoted for their advanced capabilities. As a result, some of the ", "TextSize": 9.839996337890625}, {"Bounds": [54.0, 454.1791229248047, 297.82916259765625, 731.5790405273438], "ClipBounds": [54.0, 454.1791229248047, 297.82916259765625, 731.5790405273438], "Font": {"alt_family_name": "Times New Roman PS", "embedded": true, "encoding": "MacRomanEncoding", "family_name": "Times New Roman PS", "font_type": "TrueType", "italic": true, "monospaced": false, "name": "KLDSFH+TimesNewRomanPS-ItalicMT", "subset": true, "weight": 400}, "HasClip": true, "Page": 2, "Path": "//Document/P[19]/ParagraphSpan[2]", "Text": "participants had a high level of expectation for the \u201csmartness\u201d of the systems, which also resonates with the findings in [18]. Those participants tended to hold too high of expectations for the automation and intelligence of the systems. They described that their activity trackers \u201cwould record activities very conveniently\u201d (F1), even if they do not invest much effort, as the device \u201cseems to be carefully programmed\u201d (J3), and \u201cseems to be more accurate than other mobile applications for self-tracking\u201d (F4). Thus, the gap between what people imagined and what the systems could actually do at this stage often resulted in confusing and disappointing experiences. For example, F3 failed whenever he tried to use a third-party application, MapMyFitness, because he believed the app would automatically receive his running data from his Fitbit and, thus, did not manually trigger the logging. Meanwhile, making the first impression was also challenging for some of the participants who distrusted the reliability of data collected through current technology. They tended to poorly judge the potential value of tracking certain data in a very early stage of use. J1 said, \u201cI will never use the meal logging. It is obvious that the tracker won\u2019t automatically recognize what I had for lunch and it would require manual logging. It is impractical and even unreliable.\u201d ", "TextSize": 9.839996337890625}, {"Bounds": [54.0, 427.1940002441406, 297.5272521972656, 449.25335693359375], "ClipBounds": [54.0, 427.1940002441406, 297.5272521972656, 449.25335693359375], "Font": {"alt_family_name": "Arial", "embedded": true, "encoding": "Custom", "family_name": "Arial", "font_type": "TrueType", "italic": true, "monospaced": false, "name": "FTUVOG+Arial-ItalicMT", "subset": true, "weight": 400}, "HasClip": true, "Lang": "en", "Page": 2, "Path": "//Document/H3[2]", "Text": "Design Implication: Designing the First Conversation to Help Systems and Users Get to Know Each Other Better ", "TextSize": 8.8800048828125, "attributes": {"LineHeight": 10.375}}, {"Bounds": [54.0, 208.8991241455078, 297.8466491699219, 428.9390411376953], "ClipBounds": [54.0, 208.8991241455078, 297.8466491699219, 428.9390411376953], "Font": {"alt_family_name": "Times New Roman PSMT", "embedded": true, "encoding": "MacRomanEncoding", "family_name": "Times New Roman PSMT", "font_type": "TrueType", "italic": false, "monospaced": false, "name": "UNKKPZ+TimesNewRomanPSMT", "subset": true, "weight": 400}, "HasClip": true, "Lang": "en", "Page": 2, "Path": "//Document/P[20]", "Text": "These findings highlight how proper communication of the immaturity and blank state of self-tracking devices would help reduce the possibility for misled expectations and early abandonment of the devices. However, current designs for this initial stage are often oriented toward explaining the technical steps of connecting a device with a mobile application. Although such instructions can be useful, this hardly helps users understand what a system can and cannot do in the initial stage. A system could be designed to better inform users how the system\u2019s potentials can be realized if it is properly used by the users. For instance, this initial stage could be designed with a series of conversations with the user by explaining why the system wants to know certain user information (e.g., initial 20 steps to calibrate and learn the way a user walks) and emphasizing how the answers from the user will help the system perform better over time. This first conversation would help users perceive the system as a kind of social actor that has the ability to learn about its users through the interactions with them. ", "TextSize": 9.839996337890625, "attributes": {"LineHeight": 11.5, "SpaceAfter": 6, "TextAlign": "Justify"}}, {"Bounds": [54.0, 192.0211181640625, 201.27513122558594, 204.73727416992188], "ClipBounds": [54.0, 192.0211181640625, 201.27513122558594, 204.73727416992188], "Font": {"alt_family_name": "Arial", "embedded": true, "encoding": "Custom", "family_name": "Arial", "font_type": "TrueType", "italic": false, "monospaced": false, "name": "QTFMDD+Arial-BoldMT", "subset": true, "weight": 700}, "HasClip": true, "Lang": "en", "Page": 2, "Path": "//Document/H2[6]", "Text": "Intensifying and Integration Stage ", "TextSize": 8.8800048828125, "attributes": {"LineHeight": 10.625}}, {"Bounds": [54.0, 77.61912536621094, 300.1199951171875, 193.97903442382812], "ClipBounds": [54.0, 77.61912536621094, 300.1199951171875, 193.97903442382812], "Font": {"alt_family_name": "Times New Roman PSMT", "embedded": true, "encoding": "MacRomanEncoding", "family_name": "Times New Roman PSMT", "font_type": "TrueType", "italic": false, "monospaced": false, "name": "UNKKPZ+TimesNewRomanPSMT", "subset": true, "weight": 400}, "HasClip": true, "Lang": "en", "Page": 2, "Path": "//Document/P[21]", "Text": "After the initial experiences, the participants tried to constantly wear the trackers and regularly engaged with the systems (e.g., logging regular walking when commuting and reviewing daily activities before going to sleep). By doing so, the participants tried to integrate the use of wearable activity trackers into their personal routines. This process also resembled the behaviors people engage in to intensify and integrate relationships with others: spending more time together, disclosing deeper personal information, and blending one\u2019s own personality with an intimate relationship. ", "TextSize": 9.839996337890625, "attributes": {"LineHeight": 11.5, "TextAlign": "Justify"}}, {"Bounds": [316.8000030517578, 719.5140075683594, 549.2701263427734, 731.2533569335938], "ClipBounds": [316.8000030517578, 719.5140075683594, 549.2701263427734, 731.2533569335938], "Font": {"alt_family_name": "Arial", "embedded": true, "encoding": "Custom", "family_name": "Arial", "font_type": "TrueType", "italic": true, "monospaced": false, "name": "FTUVOG+Arial-ItalicMT", "subset": true, "weight": 400}, "HasClip": true, "Lang": "en", "Page": 2, "Path": "//Document/H3[3]", "Text": "The Challenge: Imbalanced Returns of Accumulated Data ", "TextSize": 8.8800048828125, "attributes": {"LineHeight": 10.625}}, {"Bounds": [316.8000030517578, 581.8591156005859, 563.0297698974609, 721.259033203125], "ClipBounds": [316.8000030517578, 581.8591156005859, 563.0297698974609, 721.259033203125], "Font": {"alt_family_name": "Times New Roman PSMT", "embedded": true, "encoding": "MacRomanEncoding", "family_name": "Times New Roman PSMT", "font_type": "TrueType", "italic": false, "monospaced": false, "name": "UNKKPZ+TimesNewRomanPSMT", "subset": true, "weight": 400}, "HasClip": true, "Lang": "en", "Page": 2, "Path": "//Document/P[22]", "Text": "According to social exchange theories, when people maintain and enhance social relationships, they constantly exchange resources (e.g., information, emotion, goods, and services) and assess of costs and rewards in such exchanges [7, 20]. Similarly, our participants in this stage also expected the reciprocity of transactions with the systems. For example, the participants wanted to get proper feedback, such as acknowledgement of their efforts at maintaining and tracking healthy behaviors and emotional support for future behaviors. Otherwise, they felt the trackers \u201cdid not appreciate\u201d (F2) their efforts or \u201cdiscouraged\u201d (F1, J3) them from maintaining healthy behaviors. ", "TextSize": 9.839996337890625, "attributes": {"LineHeight": 11.5, "SpaceAfter": 6, "TextAlign": "Justify"}}, {"Bounds": [316.7998962402344, 449.3791198730469, 560.6048278808594, 577.259033203125], "ClipBounds": [316.7998962402344, 449.3791198730469, 560.6048278808594, 577.259033203125], "Font": {"alt_family_name": "Times New Roman PS", "embedded": true, "encoding": "MacRomanEncoding", "family_name": "Times New Roman PS", "font_type": "TrueType", "italic": true, "monospaced": false, "name": "KLDSFH+TimesNewRomanPS-ItalicMT", "subset": true, "weight": 400}, "HasClip": true, "Lang": "en", "Page": 2, "Path": "//Document/P[23]", "Text": "Also, the participants implicitly assessed the costs and rewards of continuing to use the given activity trackers. One of the significant costs that our participants perceived was the data they accumulated in the systems. As they had continuously shared a significant amount of data with the systems over time, they started to expect a more meaningful return of their data. The excerpt from F2\u2019s interview representatively described how this cost-reward mechanism was thought to work: \u201cI\u2019m trying to keep logging the meal data as much detail as I can because logging more data about me would provide more accurate suggestions to me.\u201d ", "TextSize": 9.839996337890625, "attributes": {"LineHeight": 11.5, "SpaceAfter": 6.125, "TextAlign": "Justify"}}, {"Bounds": [316.79969787597656, 247.77911376953125, 560.6040344238281, 444.77903747558594], "ClipBounds": [316.79969787597656, 247.77911376953125, 560.6040344238281, 444.77903747558594], "Font": {"alt_family_name": "Times New Roman PS", "embedded": true, "encoding": "MacRomanEncoding", "family_name": "Times New Roman PS", "font_type": "TrueType", "italic": true, "monospaced": false, "name": "KLDSFH+TimesNewRomanPS-ItalicMT", "subset": true, "weight": 400}, "HasClip": true, "Lang": "en", "Page": 2, "Path": "//Document/P[24]", "Text": "Like this, as a reward for tracking over time, participants anticipated significant personal relevance in data analysis, rather than absolute numeric representations of their activity data with universal measures. For instance, F2 and J1 wanted the systems to provide a comparison of their status with other people who had similar physical conditions, goals, or lifestyles, which also resonates with the findings from [11]. In addition, F2 hoped the system would learn personalized measures and apply them to give personal nuance to the data interpretation as well as the system intervention, even if it would require a little manual support by her: \u201cIf I can record the step counts during a specific route, for example, from my office to a near cafeteria, I would like to. And I hope the numeric data of my steps to be replaced with \u2018that unit\u2019 when Fitbit suggests something to me. How about saying, \u2018What about taking a walk to the cafeteria?\u2019 instead of just showing how much \u2018percent\u2019 I have to walk more today.\u201d ", "TextSize": 9.839996337890625, "attributes": {"LineHeight": 11.5, "SpaceAfter": 6, "TextAlign": "Justify"}}, {"Bounds": [316.79969787597656, 80.9791259765625, 560.6268463134766, 243.17904663085938], "ClipBounds": [316.79969787597656, 80.9791259765625, 560.6268463134766, 243.17904663085938], "Font": {"alt_family_name": "Times New Roman PSMT", "embedded": true, "encoding": "MacRomanEncoding", "family_name": "Times New Roman PSMT", "font_type": "TrueType", "italic": false, "monospaced": false, "name": "UNKKPZ+TimesNewRomanPSMT", "subset": true, "weight": 400}, "HasClip": true, "Page": 2, "Path": "//Document/P[25]/ParagraphSpan", "Text": "While the participants who were familiar with technology tried to export, manipulate, and interpret their data by themselves, just like data wranglers [19], for the majority of the other participants, the lack of personal relevance in the analyzed data remarkably affected their further use of the trackers. If a system\u2019s feedback was perceived as personally relevant, participants immediately improved their health-related behaviors, for example, by drinking more water (J3), using stairs instead of an elevator (F4), and planning the next meal with healthier food (F2). However, the current systems often behaved without knowledge about the individual users, and this discouraged the participants from maintaining healthy behaviors. F1, for instance, received the alert to charge the device every midnight, a time when she was ", "TextSize": 9.839996337890625}, {"Bounds": [54.0, 661.0591125488281, 297.7528991699219, 731.5790405273438], "ClipBounds": [54.0, 661.0591125488281, 297.7528991699219, 731.5790405273438], "Font": {"alt_family_name": "Times New Roman PSMT", "embedded": true, "encoding": "MacRomanEncoding", "family_name": "Times New Roman PSMT", "font_type": "TrueType", "italic": false, "monospaced": false, "name": "UNKKPZ+TimesNewRomanPSMT", "subset": true, "weight": 400}, "HasClip": true, "Page": 3, "Path": "//Document/P[25]/ParagraphSpan[2]", "Text": "always in bed. After she ignored the alerts several times, the tracker finally turned off while she was logging her running record. She was very disappointed with the device, which did not know her \u201cactivity timeline.\u201d Indeed, J4 quit using the sleep monitoring function after Jawbone \u201cruined\u201d (J4) his sleep log when he traveled to a different time zone. ", "TextSize": 9.839996337890625}, {"Bounds": [54.0, 634.0740051269531, 297.4161376953125, 656.3733673095703], "ClipBounds": [54.0, 634.0740051269531, 297.4161376953125, 656.3733673095703], "Font": {"alt_family_name": "Arial", "embedded": true, "encoding": "Custom", "family_name": "Arial", "font_type": "TrueType", "italic": true, "monospaced": false, "name": "FTUVOG+Arial-ItalicMT", "subset": true, "weight": 400}, "HasClip": true, "Lang": "en", "Page": 3, "Path": "//Document/H3[4]", "Text": "Design Implication: Developing a Partnership to Accumulate Relevant Knowledge about Users ", "TextSize": 8.8800048828125, "attributes": {"LineHeight": 10.5}}, {"Bounds": [54.0, 381.45912170410156, 297.8409118652344, 635.8190460205078], "ClipBounds": [54.0, 381.45912170410156, 297.8409118652344, 635.8190460205078], "Font": {"alt_family_name": "Times New Roman PSMT", "embedded": true, "encoding": "MacRomanEncoding", "family_name": "Times New Roman PSMT", "font_type": "TrueType", "italic": false, "monospaced": false, "name": "UNKKPZ+TimesNewRomanPSMT", "subset": true, "weight": 400}, "HasClip": true, "Lang": "en", "Page": 3, "Path": "//Document/P[26]", "Text": "The issue of meaningful interpretation of activity data, which became apparent in this stage through our analysis, has been also discussed in many related works, suggesting the provision of more actionable and personally relevant data to users [1, 8]. Especially, our perspective on social transactions between users and self-tracking devices suggests that the systems could be designed to explicitly involve their users to incrementally improve the knowledge of the systems so that the systems could become more meaningful to and fit individual users\u2019 contexts of use. For example, a user could help a tracker system clarify the meaning of data when an unusual pattern is detected (e.g., unusually sleeping for a very short time on Sunday). If the user clarifies such data as a new routine (e.g., preparing for a class every Monday), the system would prepare to properly support the user to maintain his/her health-related behaviors within the given context of such a routine. By involving users and developing a partnership with them, the systems would be able to accumulate rich contextual knowledge about the users. Also, such systems would empower the users in managing their health life, instead of automatically inferring the meaning of user data or predicting their needs [10]. ", "TextSize": 9.839996337890625, "attributes": {"LineHeight": 11.5, "SpaceAfter": 6.25, "TextAlign": "Justify"}}, {"Bounds": [54.0, 364.34112548828125, 202.3316650390625, 377.0572814941406], "ClipBounds": [54.0, 364.34112548828125, 202.3316650390625, 377.0572814941406], "Font": {"alt_family_name": "Arial", "embedded": true, "encoding": "Custom", "family_name": "Arial", "font_type": "TrueType", "italic": false, "monospaced": false, "name": "QTFMDD+Arial-BoldMT", "subset": true, "weight": 700}, "HasClip": true, "Lang": "en", "Page": 3, "Path": "//Document/H2[7]", "Text": "Stagnation and Termination Stage ", "TextSize": 8.8800048828125, "attributes": {"LineHeight": 10.625}}, {"Bounds": [54.0, 250.1791229248047, 297.84942626953125, 366.53904724121094], "ClipBounds": [54.0, 250.1791229248047, 297.84942626953125, 366.53904724121094], "Font": {"alt_family_name": "Times New Roman PSMT", "embedded": true, "encoding": "MacRomanEncoding", "family_name": "Times New Roman PSMT", "font_type": "TrueType", "italic": false, "monospaced": false, "name": "UNKKPZ+TimesNewRomanPSMT", "subset": true, "weight": 400}, "HasClip": true, "Lang": "en", "Page": 3, "Path": "//Document/P[27]", "Text": "The ways of coming apart from activity trackers were also similar to how social relationships decay over time. As time went by, some participants lost their interest in certain features of the systems (which was observable even within the three-week period), and they did not try to explore ways to better use the system anymore; this resembled interpersonal interactions in the stagnation stage. In addition, during the task of uninstalling the device, participants tried to separate their logged data from the devices as much as they could, similar to human behaviors in the termination stage. ", "TextSize": 9.839996337890625, "attributes": {"LineHeight": 11.5, "SpaceAfter": 6.5, "TextAlign": "Justify"}}, {"Bounds": [54.0, 223.19400024414062, 297.6987762451172, 245.25335693359375], "ClipBounds": [54.0, 223.19400024414062, 297.6987762451172, 245.25335693359375], "Font": {"alt_family_name": "Arial", "embedded": true, "encoding": "Custom", "family_name": "Arial", "font_type": "TrueType", "italic": true, "monospaced": false, "name": "FTUVOG+Arial-ItalicMT", "subset": true, "weight": 400}, "HasClip": true, "Lang": "en", "Page": 3, "Path": "//Document/H3[5]", "Text": "The Challenge: Concerns about the Ownership, Accessibility, and Controllability of Personal Data ", "TextSize": 8.8800048828125, "attributes": {"LineHeight": 10.375}}, {"Bounds": [54.0, 74.01911926269531, 297.8466491699219, 224.9390411376953], "ClipBounds": [54.0, 74.01911926269531, 297.8466491699219, 224.9390411376953], "Font": {"alt_family_name": "Times New Roman PSMT", "embedded": true, "encoding": "MacRomanEncoding", "family_name": "Times New Roman PSMT", "font_type": "TrueType", "italic": false, "monospaced": false, "name": "UNKKPZ+TimesNewRomanPSMT", "subset": true, "weight": 400}, "HasClip": true, "Page": 3, "Path": "//Document/P[28]/ParagraphSpan", "Text": "During the task of uninstallation, the participants tried to separate personal data from the device (i.e., the physical container of the data). However, the participants, and we researchers as well, were surprised at the fact that there was no salient way to initialize or back up personal data from the device (at least at the point of our study). Therefore, participants tried several workarounds that they believed were a way to initialize the device. Some of them deleted the mobile application, disconnected the Bluetooth connection with the tracker device, or logged out of the mobile application. For those who could not find such workarounds, we helped them pair their device with our own account, which automatically terminated the connection with the ", "TextSize": 9.839996337890625}, {"Bounds": [316.8000030517578, 615.2191162109375, 560.5652618408203, 731.5790405273438], "ClipBounds": [316.8000030517578, 615.2191162109375, 560.5652618408203, 731.5790405273438], "Font": {"alt_family_name": "Times New Roman PSMT", "embedded": true, "encoding": "MacRomanEncoding", "family_name": "Times New Roman PSMT", "font_type": "TrueType", "italic": false, "monospaced": false, "name": "UNKKPZ+TimesNewRomanPSMT", "subset": true, "weight": 400}, "HasClip": true, "Page": 3, "Path": "//Document/P[28]/ParagraphSpan[2]", "Text": "participants\u2019 accounts. All of the participants, obviously, expressed strong concerns about the possibility of their data remaining in the device or the possibility of losing their accessibility to and controllability of the data they had accumulated. As a result, these series of experiences elicited users to have distrust toward the systems, even after all the positive experiences of using the services: \u201cIt\u2019s like the system says, \u2018It\u2019s free to come join us, but you can\u2019t leave us when you want.\u2019 It doesn\u2019t make sense that I have to send an email to the customer center to delete my own data\u201d (J2). ", "TextSize": 9.839996337890625}, {"Bounds": [316.8000030517578, 588.2339935302734, 560.2893524169922, 610.2933654785156], "ClipBounds": [316.8000030517578, 588.2339935302734, 560.2893524169922, 610.2933654785156], "Font": {"alt_family_name": "Arial", "embedded": true, "encoding": "Custom", "family_name": "Arial", "font_type": "TrueType", "italic": true, "monospaced": false, "name": "FTUVOG+Arial-ItalicMT", "subset": true, "weight": 400}, "HasClip": true, "Lang": "en", "Page": 3, "Path": "//Document/H3[6]", "Text": "Design Implication: Supporting Maintenance of a Trustful and Sound Relationship that Empowers One Another ", "TextSize": 8.8800048828125, "attributes": {"LineHeight": 10.375}}, {"Bounds": [316.7998046875, 427.53912353515625, 562.9197998046875, 589.9790344238281], "ClipBounds": [316.7998046875, 427.53912353515625, 562.9197998046875, 589.9790344238281], "Font": {"alt_family_name": "Times New Roman PSMT", "embedded": true, "encoding": "MacRomanEncoding", "family_name": "Times New Roman PSMT", "font_type": "TrueType", "italic": false, "monospaced": false, "name": "UNKKPZ+TimesNewRomanPSMT", "subset": true, "weight": 400}, "HasClip": true, "Lang": "en", "Page": 3, "Path": "//Document/P[29]", "Text": "As the ways of terminating an interpersonal relationship affect future interactions [7], this stage seems to be an important moment for product and service providers to provide a good last impression on their users. Nevertheless, termination has been the most overlooked stage in existing activity tracker systems. Thus, designing an explicit way to reset tracker devices has much room to be improved. There could be many ways of supporting users to manage the ownership of their data at this stage. For instance, users may wish to discard all their data from the service provider or may prefer to leave certain data in the system to improve future service. If users want to leave some of their data in the system, how the data will be abstracted and transmitted should be carefully designed as well. ", "TextSize": 9.839996337890625, "attributes": {"LineHeight": 11.5, "SpaceAfter": 6, "TextAlign": "Justify"}}, {"Bounds": [316.79969787597656, 260.4991149902344, 560.7170562744141, 422.9390411376953], "ClipBounds": [316.79969787597656, 260.4991149902344, 560.7170562744141, 422.9390411376953], "Font": {"alt_family_name": "Times New Roman PSMT", "embedded": true, "encoding": "MacRomanEncoding", "family_name": "Times New Roman PSMT", "font_type": "TrueType", "italic": false, "monospaced": false, "name": "UNKKPZ+TimesNewRomanPSMT", "subset": true, "weight": 400}, "HasClip": true, "Lang": "en", "Page": 3, "Path": "//Document/P[30]", "Text": "Meanwhile, designers should know that initializing the data from a tracker device does not always mean that the user wishes to quit maintaining healthy behaviors, as we can learn from the examples of people who were reinforced by their past experiences with activity trackers [5]. To explicitly address this future reinforcement, a system could be designed to provide final messages [7] to users as a form of virtual possession [14]. It may represent the history of a user\u2019s health activities and give meaningful access to the full data. It can be used not only to encourage users to sustain their health behaviors, even without the device, but also to smooth the initiation stage with other self-tracking tools by utilizing the data that the user has already accumulated to warm up the cold-start with new devices. ", "TextSize": 9.839996337890625, "attributes": {"LineHeight": 11.5, "SpaceAfter": 6.125, "TextAlign": "Justify"}}, {"Bounds": [316.7998046875, 243.38111877441406, 379.5985565185547, 256.09727478027344], "ClipBounds": [316.7998046875, 243.38111877441406, 379.5985565185547, 256.09727478027344], "Font": {"alt_family_name": "Arial", "embedded": true, "encoding": "Custom", "family_name": "Arial", "font_type": "TrueType", "italic": false, "monospaced": false, "name": "QTFMDD+Arial-BoldMT", "subset": true, "weight": 700}, "HasClip": true, "Lang": "en", "Page": 3, "Path": "//Document/H1[6]", "Text": "CONCLUSION ", "TextSize": 8.8800048828125, "attributes": {"LineHeight": 10.625}}, {"Bounds": [316.79969787597656, 129.2191162109375, 560.6681976318359, 245.57904052734375], "ClipBounds": [316.79969787597656, 129.2191162109375, 560.6681976318359, 245.57904052734375], "Font": {"alt_family_name": "Times New Roman PSMT", "embedded": true, "encoding": "MacRomanEncoding", "family_name": "Times New Roman PSMT", "font_type": "TrueType", "italic": false, "monospaced": false, "name": "UNKKPZ+TimesNewRomanPSMT", "subset": true, "weight": 400}, "HasClip": true, "Lang": "en", "Page": 3, "Path": "//Document/P[31]", "Text": "We presented a field study on wearable activity trackers and proposed three stages of relationship development between users and self-tracking devices. The results highlighted that users expect a much more sophisticated and personalized system in terms of data analysis and interactions over time. Thus, it will be worthwhile to investigate more about the ways to design interactions between users and self-tracking systems to better support their journey of learning about each other. Finally, our findings could be further studied on other types of emerging self-tracking devices. ", "TextSize": 9.839996337890625, "attributes": {"LineHeight": 11.5, "SpaceAfter": 6.125, "TextAlign": "Justify"}}, {"Bounds": [316.79969787597656, 112.10111999511719, 423.0964050292969, 124.81727600097656], "ClipBounds": [316.79969787597656, 112.10111999511719, 423.0964050292969, 124.81727600097656], "Font": {"alt_family_name": "Arial", "embedded": true, "encoding": "Custom", "family_name": "Arial", "font_type": "TrueType", "italic": false, "monospaced": false, "name": "QTFMDD+Arial-BoldMT", "subset": true, "weight": 700}, "HasClip": true, "Lang": "en", "Page": 3, "Path": "//Document/H1[7]", "Text": "ACKNOWLEDGEMENTS ", "TextSize": 8.8800048828125, "attributes": {"LineHeight": 10.625}}, {"Bounds": [316.79969787597656, 89.85911560058594, 560.5129547119141, 114.29904174804688], "ClipBounds": [316.79969787597656, 89.85911560058594, 560.5129547119141, 114.29904174804688], "Font": {"alt_family_name": "Times New Roman PSMT", "embedded": true, "encoding": "MacRomanEncoding", "family_name": "Times New Roman PSMT", "font_type": "TrueType", "italic": false, "monospaced": false, "name": "UNKKPZ+TimesNewRomanPSMT", "subset": true, "weight": 400}, "HasClip": true, "Lang": "en", "Page": 3, "Path": "//Document/P[32]", "Text": "This research was supported by \u201cDr.M\u201d Project funded by KAIST (N01140095). ", "TextSize": 9.839996337890625, "attributes": {"LineHeight": 11.5}}, {"Bounds": [54.0, 719.0611267089844, 117.81996154785156, 731.7772827148438], "ClipBounds": [54.0, 719.0611267089844, 117.81996154785156, 731.7772827148438], "Font": {"alt_family_name": "Arial", "embedded": true, "encoding": "Custom", "family_name": "Arial", "font_type": "TrueType", "italic": false, "monospaced": false, "name": "QTFMDD+Arial-BoldMT", "subset": true, "weight": 700}, "HasClip": true, "Lang": "en", "Page": 4, "Path": "//Document/H1[8]", "Text": "REFERENCES ", "TextSize": 8.8800048828125, "attributes": {"LineHeight": 10.625}}, {"Bounds": [54.0, 708.09912109375, 64.07917785644531, 721.01904296875], "ClipBounds": [54.0, 708.09912109375, 64.07917785644531, 721.01904296875], "Font": {"alt_family_name": "Times New Roman PSMT", "embedded": true, "encoding": "MacRomanEncoding", "family_name": "Times New Roman PSMT", "font_type": "TrueType", "italic": false, "monospaced": false, "name": "UNKKPZ+TimesNewRomanPSMT", "subset": true, "weight": 400}, "HasClip": true, "Page": 4, "Path": "//Document/L/LI/Lbl", "Text": "1. ", "TextSize": 9.839996337890625}, {"Bounds": [72.0, 637.7884826660156, 283.6623229980469, 723.636474609375], "ClipBounds": [72.0, 637.7884826660156, 283.6623229980469, 723.636474609375], "Font": {"alt_family_name": "Times", "embedded": true, "encoding": "MacRomanEncoding", "family_name": "Times", "font_type": "TrueType", "italic": false, "monospaced": false, "name": "LTTDQX+Times-Roman", "subset": true, "weight": 400}, "HasClip": true, "Page": 4, "Path": "//Document/L/LI/LBody", "Text": "Frank Bentley, Konrad Tollmar, Peter Stephenson, Laura Levy, Brian Jones, Scott Robertson, Ed Price, Richard Catrambone, and Jeff Wilson. 2013. Health Mashups: presenting statistical patterns between wellbeing data and context in natural language to promote behavior change. ACM Transaction on Computer-Human Interaction 20: 5, Article 30. ", "TextSize": 9.839996337890625}, {"Bounds": [54.0, 623.1391143798828, 64.07917785644531, 636.0590362548828], "ClipBounds": [54.0, 623.1391143798828, 64.07917785644531, 636.0590362548828], "Font": {"alt_family_name": "Times New Roman PSMT", "embedded": true, "encoding": "MacRomanEncoding", "family_name": "Times New Roman PSMT", "font_type": "TrueType", "italic": false, "monospaced": false, "name": "UNKKPZ+TimesNewRomanPSMT", "subset": true, "weight": 400}, "HasClip": true, "Page": 4, "Path": "//Document/L/LI[2]/Lbl", "Text": "2. ", "TextSize": 9.839996337890625}, {"Bounds": [72.0, 565.7791137695312, 295.48292541503906, 636.0590362548828], "ClipBounds": [72.0, 565.7791137695312, 295.48292541503906, 636.0590362548828], "Font": {"alt_family_name": "Times New Roman PSMT", "embedded": true, "encoding": "MacRomanEncoding", "family_name": "Times New Roman PSMT", "font_type": "TrueType", "italic": false, "monospaced": false, "name": "UNKKPZ+TimesNewRomanPSMT", "subset": true, "weight": 400}, "HasClip": true, "Page": 4, "Path": "//Document/L/LI[2]/LBody", "Text": "Eun Kyoung Choe, Nicole B. Lee, Bongshin Lee, Wanda Pratt, and Julie A. Kientz. 2014. Understanding quantified-selfers' practices in collecting and exploring personal data. In Proceedings of the SIGCHI Conference on Human Factors in Computing Systems (CHI '14), 1143-1152. ", "TextSize": 9.839996337890625}, {"Bounds": [54.0, 550.1791229248047, 64.07917785644531, 563.0990447998047], "ClipBounds": [54.0, 550.1791229248047, 64.07917785644531, 563.0990447998047], "Font": {"alt_family_name": "Times New Roman PSMT", "embedded": true, "encoding": "MacRomanEncoding", "family_name": "Times New Roman PSMT", "font_type": "TrueType", "italic": false, "monospaced": false, "name": "UNKKPZ+TimesNewRomanPSMT", "subset": true, "weight": 400}, "HasClip": true, "Page": 4, "Path": "//Document/L/LI[3]/Lbl", "Text": "3. ", "TextSize": 9.839996337890625}, {"Bounds": [72.0, 469.77911376953125, 294.2086181640625, 563.0990447998047], "ClipBounds": [72.0, 469.77911376953125, 294.2086181640625, 563.0990447998047], "Font": {"alt_family_name": "Times New Roman PSMT", "embedded": true, "encoding": "MacRomanEncoding", "family_name": "Times New Roman PSMT", "font_type": "TrueType", "italic": false, "monospaced": false, "name": "UNKKPZ+TimesNewRomanPSMT", "subset": true, "weight": 400}, "HasClip": true, "Page": 4, "Path": "//Document/L/LI[3]/LBody", "Text": "Sunny Consolvo, David W. McDonald, Tammy Toscos, Mike Y. Chen, Jon Froehlich, Beverly Harrison, Predrag Klasnja, Anthony LaMarca, Louis LeGrand, Ryan Libby, Ian Smith, and James A. Landay. 2008. Activity sensing in the wild: a field trial of ubifit garden. In Proceedings of the SIGCHI Conference on Human Factors in Computing Systems (CHI '08), 1797-1806. ", "TextSize": 9.839996337890625}, {"Bounds": [54.0, 454.1791229248047, 64.07917785644531, 467.0990447998047], "ClipBounds": [54.0, 454.1791229248047, 64.07917785644531, 467.0990447998047], "Font": {"alt_family_name": "Times New Roman PSMT", "embedded": true, "encoding": "MacRomanEncoding", "family_name": "Times New Roman PSMT", "font_type": "TrueType", "italic": false, "monospaced": false, "name": "UNKKPZ+TimesNewRomanPSMT", "subset": true, "weight": 400}, "HasClip": true, "Page": 4, "Path": "//Document/L/LI[4]/Lbl", "Text": "4. ", "TextSize": 9.839996337890625}, {"Bounds": [72.0, 419.61912536621094, 295.9540252685547, 467.2663269042969], "ClipBounds": [72.0, 419.61912536621094, 295.9540252685547, 467.2663269042969], "Font": {"alt_family_name": "Times New Roman PSMT", "embedded": true, "encoding": "MacRomanEncoding", "family_name": "Times New Roman PSMT", "font_type": "TrueType", "italic": false, "monospaced": false, "name": "UNKKPZ+TimesNewRomanPSMT", "subset": true, "weight": 400}, "HasClip": true, "Page": 4, "Path": "//Document/L/LI[4]/LBody", "Text": "Brian J. Fogg. 1998. Charismatic Computers: Creating More Likable and Persuasive Interactive Technologies by Leveraging Principles from Social Psychology. Ph.D. Dissertation. Stanford University. ", "TextSize": 9.839996337890625}, {"Bounds": [54.0, 404.2591247558594, 64.07917785644531, 417.1790466308594], "ClipBounds": [54.0, 404.2591247558594, 64.07917785644531, 417.1790466308594], "Font": {"alt_family_name": "Times New Roman PSMT", "embedded": true, "encoding": "MacRomanEncoding", "family_name": "Times New Roman PSMT", "font_type": "TrueType", "italic": false, "monospaced": false, "name": "UNKKPZ+TimesNewRomanPSMT", "subset": true, "weight": 400}, "HasClip": true, "Page": 4, "Path": "//Document/L/LI[5]/Lbl", "Text": "5. ", "TextSize": 9.839996337890625}, {"Bounds": [72.0, 346.65911865234375, 293.64410400390625, 417.1790466308594], "ClipBounds": [72.0, 346.65911865234375, 293.64410400390625, 417.1790466308594], "Font": {"alt_family_name": "Times New Roman PSMT", "embedded": true, "encoding": "MacRomanEncoding", "family_name": "Times New Roman PSMT", "font_type": "TrueType", "italic": false, "monospaced": false, "name": "UNKKPZ+TimesNewRomanPSMT", "subset": true, "weight": 400}, "HasClip": true, "Page": 4, "Path": "//Document/L/LI[5]/LBody", "Text": "Thomas Fritz, Elaine M. Huang, Gail C. Murphy, and Thomas Zimmermann. 2014. Persuasive technology in the real world: a study of long-term use of activity sensing devices for fitness. In Proceedings of the SIGCHI Conference on Human Factors in Computing Systems (CHI '14), 487-496. ", "TextSize": 9.839996337890625}, {"Bounds": [54.0, 331.2991180419922, 64.07917785644531, 344.2190399169922], "ClipBounds": [54.0, 331.2991180419922, 64.07917785644531, 344.2190399169922], "Font": {"alt_family_name": "Times New Roman PSMT", "embedded": true, "encoding": "MacRomanEncoding", "family_name": "Times New Roman PSMT", "font_type": "TrueType", "italic": false, "monospaced": false, "name": "UNKKPZ+TimesNewRomanPSMT", "subset": true, "weight": 400}, "HasClip": true, "Page": 4, "Path": "//Document/L/LI[6]/Lbl", "Text": "6. ", "TextSize": 9.839996337890625}, {"Bounds": [72.0, 308.2591247558594, 272.89479064941406, 344.2190399169922], "ClipBounds": [72.0, 308.2591247558594, 272.89479064941406, 344.2190399169922], "Font": {"alt_family_name": "Times New Roman PSMT", "embedded": true, "encoding": "MacRomanEncoding", "family_name": "Times New Roman PSMT", "font_type": "TrueType", "italic": false, "monospaced": false, "name": "UNKKPZ+TimesNewRomanPSMT", "subset": true, "weight": 400}, "HasClip": true, "Page": 4, "Path": "//Document/L/LI[6]/LBody", "Text": "Lars Halln\u00e4s and Johan Redstr\u00f6m. 2001. Slow Technology \u2013 Designing for Reflection. Personal Ubiquitous Computing 5, 3: 201-212. ", "TextSize": 9.839996337890625}, {"Bounds": [54.0, 292.65911865234375, 64.07917785644531, 305.57904052734375], "ClipBounds": [54.0, 292.65911865234375, 64.07917785644531, 305.57904052734375], "Font": {"alt_family_name": "Times New Roman PSMT", "embedded": true, "encoding": "MacRomanEncoding", "family_name": "Times New Roman PSMT", "font_type": "TrueType", "italic": false, "monospaced": false, "name": "UNKKPZ+TimesNewRomanPSMT", "subset": true, "weight": 400}, "HasClip": true, "Page": 4, "Path": "//Document/L/LI[7]/Lbl", "Text": "7. ", "TextSize": 9.839996337890625}, {"Bounds": [72.0, 269.61912536621094, 260.36830139160156, 305.57904052734375], "ClipBounds": [72.0, 269.61912536621094, 260.36830139160156, 305.57904052734375], "Font": {"alt_family_name": "Times New Roman PSMT", "embedded": true, "encoding": "MacRomanEncoding", "family_name": "Times New Roman PSMT", "font_type": "TrueType", "italic": false, "monospaced": false, "name": "UNKKPZ+TimesNewRomanPSMT", "subset": true, "weight": 400}, "HasClip": true, "Page": 4, "Path": "//Document/L/LI[7]/LBody", "Text": "Mark L. Knapp and Anita L. Vangelisti. 2005. Interpersonal Communication and Human Relationships (5th Edition). Pearson. ", "TextSize": 9.839996337890625}, {"Bounds": [54.0, 254.25912475585938, 64.07917785644531, 267.1790466308594], "ClipBounds": [54.0, 254.25912475585938, 64.07917785644531, 267.1790466308594], "Font": {"alt_family_name": "Times New Roman PSMT", "embedded": true, "encoding": "MacRomanEncoding", "family_name": "Times New Roman PSMT", "font_type": "TrueType", "italic": false, "monospaced": false, "name": "UNKKPZ+TimesNewRomanPSMT", "subset": true, "weight": 400}, "HasClip": true, "Page": 4, "Path": "//Document/L/LI[8]/Lbl", "Text": "8. ", "TextSize": 9.839996337890625}, {"Bounds": [72.0, 208.1791229248047, 295.02130126953125, 267.1790466308594], "ClipBounds": [72.0, 208.1791229248047, 295.02130126953125, 267.1790466308594], "Font": {"alt_family_name": "Times New Roman PSMT", "embedded": true, "encoding": "MacRomanEncoding", "family_name": "Times New Roman PSMT", "font_type": "TrueType", "italic": false, "monospaced": false, "name": "UNKKPZ+TimesNewRomanPSMT", "subset": true, "weight": 400}, "HasClip": true, "Page": 4, "Path": "//Document/L/LI[8]/LBody", "Text": "Amanda Lazar, Christian Koehler, Joshua Tanenbaum, and David H. Nguyen. 2015. Why we use and abandon smart devices. In Proceedings of the ACM International Joint Conference on Pervasive and Ubiquitous Computing (UbiComp '15), 635-646. ", "TextSize": 9.839996337890625}, {"Bounds": [54.0, 192.81912231445312, 64.07917785644531, 205.73904418945312], "ClipBounds": [54.0, 192.81912231445312, 64.07917785644531, 205.73904418945312], "Font": {"alt_family_name": "Times New Roman PSMT", "embedded": true, "encoding": "MacRomanEncoding", "family_name": "Times New Roman PSMT", "font_type": "TrueType", "italic": false, "monospaced": false, "name": "UNKKPZ+TimesNewRomanPSMT", "subset": true, "weight": 400}, "HasClip": true, "Page": 4, "Path": "//Document/L/LI[9]/Lbl", "Text": "9. ", "TextSize": 9.839996337890625}, {"Bounds": [72.0, 158.25912475585938, 289.57237243652344, 205.73904418945312], "ClipBounds": [72.0, 158.25912475585938, 289.57237243652344, 205.73904418945312], "Font": {"alt_family_name": "Times New Roman PSMT", "embedded": true, "encoding": "MacRomanEncoding", "family_name": "Times New Roman PSMT", "font_type": "TrueType", "italic": false, "monospaced": false, "name": "UNKKPZ+TimesNewRomanPSMT", "subset": true, "weight": 400}, "HasClip": true, "Page": 4, "Path": "//Document/L/LI[9]/LBody", "Text": "Dan Ledger and Daniel McCaffrey. 2014. How the science of human behavior change offers the secret to long-term engagement. Retrieved August 11, 2014 from http://endeavourpartners.net/white-papers/ ", "TextSize": 9.839996337890625}, {"Bounds": [54.0, 142.65911865234375, 69.07891845703125, 155.57904052734375], "ClipBounds": [54.0, 142.65911865234375, 69.07891845703125, 155.57904052734375], "Font": {"alt_family_name": "Times New Roman PSMT", "embedded": true, "encoding": "MacRomanEncoding", "family_name": "Times New Roman PSMT", "font_type": "TrueType", "italic": false, "monospaced": false, "name": "UNKKPZ+TimesNewRomanPSMT", "subset": true, "weight": 400}, "HasClip": true, "Page": 4, "Path": "//Document/L/LI[10]/Lbl", "Text": "10. ", "TextSize": 9.839996337890625}, {"Bounds": [72.0, 73.77911376953125, 296.72564697265625, 155.57904052734375], "ClipBounds": [72.0, 73.77911376953125, 296.72564697265625, 155.57904052734375], "Font": {"alt_family_name": "Times New Roman PSMT", "embedded": true, "encoding": "MacRomanEncoding", "family_name": "Times New Roman PSMT", "font_type": "TrueType", "italic": false, "monospaced": false, "name": "UNKKPZ+TimesNewRomanPSMT", "subset": true, "weight": 400}, "HasClip": true, "Page": 4, "Path": "//Document/L/LI[10]/LBody", "Text": "Min Kyung Lee, Junsung Kim, Jodi Forlizzi, and Sara Kiesler. 2015. Personalization revisited: a reflective approach helps people better personalize health services and motivates them to increase physical activity. In Proceedings of the 2015 ACM International Joint Conference on Pervasive and Ubiquitous Computing (UbiComp '15), 743-754. ", "TextSize": 9.839996337890625}, {"Bounds": [316.8000030517578, 718.6591186523438, 331.87890625, 731.5790405273438], "ClipBounds": [316.8000030517578, 718.6591186523438, 331.87890625, 731.5790405273438], "Font": {"alt_family_name": "Times New Roman PSMT", "embedded": true, "encoding": "MacRomanEncoding", "family_name": "Times New Roman PSMT", "font_type": "TrueType", "italic": false, "monospaced": false, "name": "UNKKPZ+TimesNewRomanPSMT", "subset": true, "weight": 400}, "HasClip": true, "Page": 4, "Path": "//Document/L/LI[11]/Lbl", "Text": "11. ", "TextSize": 9.839996337890625}, {"Bounds": [334.8000030517578, 661.0591125488281, 548.9123077392578, 731.5790405273438], "ClipBounds": [334.8000030517578, 661.0591125488281, 548.9123077392578, 731.5790405273438], "Font": {"alt_family_name": "Times New Roman PSMT", "embedded": true, "encoding": "MacRomanEncoding", "family_name": "Times New Roman PSMT", "font_type": "TrueType", "italic": false, "monospaced": false, "name": "UNKKPZ+TimesNewRomanPSMT", "subset": true, "weight": 400}, "HasClip": true, "Page": 4, "Path": "//Document/L/LI[11]/LBody", "Text": "Yeoreum Lee and Youn-kyung Lim. 2015. Understanding the roles and influences of mediators from multiple social channels for health behavior change. In Proceedings of the 18th ACM Conference on Computer Supported Cooperative Work & Social Computing (CSCW '15), 1070-1079. ", "TextSize": 9.839996337890625}, {"Bounds": [316.8000030517578, 645.6991271972656, 331.87890625, 658.6190338134766], "ClipBounds": [316.8000030517578, 645.6991271972656, 331.87890625, 658.6190338134766], "Font": {"alt_family_name": "Times New Roman PSMT", "embedded": true, "encoding": "MacRomanEncoding", "family_name": "Times New Roman PSMT", "font_type": "TrueType", "italic": false, "monospaced": false, "name": "UNKKPZ+TimesNewRomanPSMT", "subset": true, "weight": 400}, "HasClip": true, "Page": 4, "Path": "//Document/L/LI[12]/Lbl", "Text": "12. ", "TextSize": 9.839996337890625}, {"Bounds": [334.8000030517578, 599.6191253662109, 552.30712890625, 658.6190338134766], "ClipBounds": [334.8000030517578, 599.6191253662109, 552.30712890625, 658.6190338134766], "Font": {"alt_family_name": "Times New Roman PSMT", "embedded": true, "encoding": "MacRomanEncoding", "family_name": "Times New Roman PSMT", "font_type": "TrueType", "italic": false, "monospaced": false, "name": "UNKKPZ+TimesNewRomanPSMT", "subset": true, "weight": 400}, "HasClip": true, "Page": 4, "Path": "//Document/L/LI[12]/LBody", "Text": "Ian Li, Anind K. Dey, and Jodi Forlizzi. 2011. Understanding my data, myself: supporting self-reflection with ubicomp technologies. In Proceedings of the 13th international conference on Ubiquitous computing (UbiComp '11), 405-414. ", "TextSize": 9.839996337890625}, {"Bounds": [316.8000030517578, 584.2591247558594, 331.87890625, 597.1790466308594], "ClipBounds": [316.8000030517578, 584.2591247558594, 331.87890625, 597.1790466308594], "Font": {"alt_family_name": "Times New Roman PSMT", "embedded": true, "encoding": "MacRomanEncoding", "family_name": "Times New Roman PSMT", "font_type": "TrueType", "italic": false, "monospaced": false, "name": "UNKKPZ+TimesNewRomanPSMT", "subset": true, "weight": 400}, "HasClip": true, "Page": 4, "Path": "//Document/L/LI[13]/Lbl", "Text": "13. ", "TextSize": 9.839996337890625}, {"Bounds": [334.7998962402344, 515.1391143798828, 558.9454345703125, 597.1790466308594], "ClipBounds": [334.7998962402344, 515.1391143798828, 558.9454345703125, 597.1790466308594], "Font": {"alt_family_name": "Times New Roman PSMT", "embedded": true, "encoding": "MacRomanEncoding", "family_name": "Times New Roman PSMT", "font_type": "TrueType", "italic": false, "monospaced": false, "name": "UNKKPZ+TimesNewRomanPSMT", "subset": true, "weight": 400}, "HasClip": true, "Page": 4, "Path": "//Document/L/LI[13]/LBody", "Text": "William T. Odom, Abigail J. Sellen, Richard Banks, David S. Kirk, Tim Regan, Mark Selby, Jodi L. Forlizzi, and John Zimmerman. 2014. Designing for slowness, anticipation and re-visitation: a long term field study of the photobox. In Proceedings of the 32nd annual ACM conference on Human factors in computing systems (CHI '14), 1961-1970. ", "TextSize": 9.839996337890625}, {"Bounds": [316.7998962402344, 499.77911376953125, 331.8788146972656, 512.6990356445312], "ClipBounds": [316.7998962402344, 499.77911376953125, 331.8788146972656, 512.6990356445312], "Font": {"alt_family_name": "Times New Roman PSMT", "embedded": true, "encoding": "MacRomanEncoding", "family_name": "Times New Roman PSMT", "font_type": "TrueType", "italic": false, "monospaced": false, "name": "UNKKPZ+TimesNewRomanPSMT", "subset": true, "weight": 400}, "HasClip": true, "Page": 4, "Path": "//Document/L/LI[14]/Lbl", "Text": "14. ", "TextSize": 9.839996337890625}, {"Bounds": [334.7998962402344, 465.2191162109375, 548.3150024414062, 512.6990356445312], "ClipBounds": [334.7998962402344, 465.2191162109375, 548.3150024414062, 512.6990356445312], "Font": {"alt_family_name": "Times New Roman PSMT", "embedded": true, "encoding": "MacRomanEncoding", "family_name": "Times New Roman PSMT", "font_type": "TrueType", "italic": false, "monospaced": false, "name": "UNKKPZ+TimesNewRomanPSMT", "subset": true, "weight": 400}, "HasClip": true, "Page": 4, "Path": "//Document/L/LI[14]/LBody", "Text": "William Odom, John Zimmerman, and Jodi Forlizzi. 2010. Virtual possessions. In Proceedings of the 8th ACM Conference on Designing Interactive Systems (DIS '10), 368-371. ", "TextSize": 9.839996337890625}, {"Bounds": [316.7998962402344, 449.61912536621094, 331.8788146972656, 462.53904724121094], "ClipBounds": [316.7998962402344, 449.61912536621094, 331.8788146972656, 462.53904724121094], "Font": {"alt_family_name": "Times New Roman PSMT", "embedded": true, "encoding": "MacRomanEncoding", "family_name": "Times New Roman PSMT", "font_type": "TrueType", "italic": false, "monospaced": false, "name": "UNKKPZ+TimesNewRomanPSMT", "subset": true, "weight": 400}, "HasClip": true, "Page": 4, "Path": "//Document/L/LI[15]/Lbl", "Text": "15. ", "TextSize": 9.839996337890625}, {"Bounds": [334.7998046875, 415.2991180419922, 548.2146606445312, 462.70631408691406], "ClipBounds": [334.7998046875, 415.2991180419922, 548.2146606445312, 462.70631408691406], "Font": {"alt_family_name": "Times New Roman PSMT", "embedded": true, "encoding": "MacRomanEncoding", "family_name": "Times New Roman PSMT", "font_type": "TrueType", "italic": false, "monospaced": false, "name": "UNKKPZ+TimesNewRomanPSMT", "subset": true, "weight": 400}, "HasClip": true, "Page": 4, "Path": "//Document/L/LI[15]/LBody", "Text": "Byron Reeves and Clifford Nass. 1996. The Media Equation: How People Treat Computers, Television, and New Media Like Real People and Places. Cambridge University Press. ", "TextSize": 9.839996337890625}, {"Bounds": [316.7998046875, 399.6991271972656, 331.8787078857422, 412.61903381347656], "ClipBounds": [316.7998046875, 399.6991271972656, 331.8787078857422, 412.61903381347656], "Font": {"alt_family_name": "Times New Roman PSMT", "embedded": true, "encoding": "MacRomanEncoding", "family_name": "Times New Roman PSMT", "font_type": "TrueType", "italic": false, "monospaced": false, "name": "UNKKPZ+TimesNewRomanPSMT", "subset": true, "weight": 400}, "HasClip": true, "Page": 4, "Path": "//Document/L/LI[16]/Lbl", "Text": "16. ", "TextSize": 9.839996337890625}, {"Bounds": [334.7998046875, 353.61912536621094, 554.2587127685547, 412.61903381347656], "ClipBounds": [334.7998046875, 353.61912536621094, 554.2587127685547, 412.61903381347656], "Font": {"alt_family_name": "Times New Roman PSMT", "embedded": true, "encoding": "MacRomanEncoding", "family_name": "Times New Roman PSMT", "font_type": "TrueType", "italic": false, "monospaced": false, "name": "UNKKPZ+TimesNewRomanPSMT", "subset": true, "weight": 400}, "HasClip": true, "Page": 4, "Path": "//Document/L/LI[16]/LBody", "Text": "John Rooksby, Mattias Rost, Alistair Morrison, and Matthew Chalmers Chalmers. 2014. Personal tracking as lived informatics. In Proceedings of the SIGCHI Conference on Human Factors in Computing Systems (CHI '14), 1163-1172. ", "TextSize": 9.839996337890625}, {"Bounds": [316.7998046875, 338.2591247558594, 331.8787078857422, 351.1790466308594], "ClipBounds": [316.7998046875, 338.2591247558594, 331.8787078857422, 351.1790466308594], "Font": {"alt_family_name": "Times New Roman PSMT", "embedded": true, "encoding": "MacRomanEncoding", "family_name": "Times New Roman PSMT", "font_type": "TrueType", "italic": false, "monospaced": false, "name": "UNKKPZ+TimesNewRomanPSMT", "subset": true, "weight": 400}, "HasClip": true, "Page": 4, "Path": "//Document/L/LI[17]/Lbl", "Text": "17. ", "TextSize": 9.839996337890625}, {"Bounds": [334.79969787597656, 280.65911865234375, 541.9981689453125, 351.1790466308594], "ClipBounds": [334.79969787597656, 280.65911865234375, 541.9981689453125, 351.1790466308594], "Font": {"alt_family_name": "Times New Roman PSMT", "embedded": true, "encoding": "MacRomanEncoding", "family_name": "Times New Roman PSMT", "font_type": "TrueType", "italic": false, "monospaced": false, "name": "UNKKPZ+TimesNewRomanPSMT", "subset": true, "weight": 400}, "HasClip": true, "Page": 4, "Path": "//Document/L/LI[17]/LBody", "Text": "Andrew I. Schein, Alexandrin Popescul, Lyle H. Ungar, and David M. Pennock. 2002. Methods and metrics for cold-start recommendations. In Proceedings of the ACM SIGIR conference on Research and development in information retrieval (SIGIR '02), 253\u2013260. ", "TextSize": 9.839996337890625}, {"Bounds": [316.7998046875, 265.2991180419922, 331.8787078857422, 278.2190399169922], "ClipBounds": [316.7998046875, 265.2991180419922, 331.8787078857422, 278.2190399169922], "Font": {"alt_family_name": "Times New Roman PSMT", "embedded": true, "encoding": "MacRomanEncoding", "family_name": "Times New Roman PSMT", "font_type": "TrueType", "italic": false, "monospaced": false, "name": "UNKKPZ+TimesNewRomanPSMT", "subset": true, "weight": 400}, "HasClip": true, "Page": 4, "Path": "//Document/L/LI[18]/Lbl", "Text": "18. ", "TextSize": 9.839996337890625}, {"Bounds": [334.79969787597656, 230.73912048339844, 560.3418579101562, 278.2190399169922], "ClipBounds": [334.79969787597656, 230.73912048339844, 560.3418579101562, 278.2190399169922], "Font": {"alt_family_name": "Times New Roman PS", "embedded": true, "encoding": "MacRomanEncoding", "family_name": "Times New Roman PS", "font_type": "TrueType", "italic": true, "monospaced": false, "name": "KLDSFH+TimesNewRomanPS-ItalicMT", "subset": true, "weight": 400}, "HasClip": true, "Page": 4, "Path": "//Document/L/LI[18]/LBody", "Text": "Patrick C. Shih, Kyungsik Han, Erika Shehan Poole, Mary Beth Rosson, and John M. Carroll. 2015. Use and Adoption Challenges of Wearable Activity Trackers. In iConference Proceedings 2015. ", "TextSize": 9.839996337890625}, {"Bounds": [316.79969787597656, 215.1391143798828, 331.8786163330078, 228.0590362548828], "ClipBounds": [316.79969787597656, 215.1391143798828, 331.8786163330078, 228.0590362548828], "Font": {"alt_family_name": "Times New Roman PSMT", "embedded": true, "encoding": "MacRomanEncoding", "family_name": "Times New Roman PSMT", "font_type": "TrueType", "italic": false, "monospaced": false, "name": "UNKKPZ+TimesNewRomanPSMT", "subset": true, "weight": 400}, "HasClip": true, "Page": 4, "Path": "//Document/L/LI[19]/Lbl", "Text": "19. ", "TextSize": 9.839996337890625}, {"Bounds": [334.79969787597656, 213.948486328125, 537.2905578613281, 230.67648315429688], "ClipBounds": [334.79969787597656, 213.948486328125, 537.2905578613281, 230.67648315429688], "Font": {"alt_family_name": "Times", "embedded": true, "encoding": "MacRomanEncoding", "family_name": "Times", "font_type": "TrueType", "italic": false, "monospaced": false, "name": "LTTDQX+Times-Roman", "subset": true, "weight": 400}, "HasClip": true, "Page": 4, "Path": "//Document/L/LI[19]/LBody", "Text": "Bruce Sterling. 2005. Shaping Things. MIT Press. ", "TextSize": 9.839996337890625}, {"Bounds": [316.7998046875, 199.2991180419922, 331.8787078857422, 212.2190399169922], "ClipBounds": [316.7998046875, 199.2991180419922, 331.8787078857422, 212.2190399169922], "Font": {"alt_family_name": "Times New Roman PSMT", "embedded": true, "encoding": "MacRomanEncoding", "family_name": "Times New Roman PSMT", "font_type": "TrueType", "italic": false, "monospaced": false, "name": "UNKKPZ+TimesNewRomanPSMT", "subset": true, "weight": 400}, "HasClip": true, "Page": 4, "Path": "//Document/L/LI[20]/Lbl", "Text": "20. ", "TextSize": 9.839996337890625}, {"Bounds": [334.79969787597656, 187.77911376953125, 557.1105804443359, 212.38632202148438], "ClipBounds": [334.79969787597656, 187.77911376953125, 557.1105804443359, 212.38632202148438], "Font": {"alt_family_name": "Times New Roman PSMT", "embedded": true, "encoding": "MacRomanEncoding", "family_name": "Times New Roman PSMT", "font_type": "TrueType", "italic": false, "monospaced": false, "name": "UNKKPZ+TimesNewRomanPSMT", "subset": true, "weight": 400}, "HasClip": true, "Page": 4, "Path": "//Document/L/LI[20]/LBody", "Text": "John W. Thibaut and Harold H. Kelly. 1959. The Social Psychology of Groups. John Wiley & Sons, Inc. ", "TextSize": 9.839996337890625}, {"Bounds": [316.7998046875, 172.4191131591797, 331.8787078857422, 185.3390350341797], "ClipBounds": [316.7998046875, 172.4191131591797, 331.8787078857422, 185.3390350341797], "Font": {"alt_family_name": "Times New Roman PSMT", "embedded": true, "encoding": "MacRomanEncoding", "family_name": "Times New Roman PSMT", "font_type": "TrueType", "italic": false, "monospaced": false, "name": "UNKKPZ+TimesNewRomanPSMT", "subset": true, "weight": 400}, "HasClip": true, "Page": 4, "Path": "//Document/L/LI[21]/Lbl", "Text": "21. ", "TextSize": 9.839996337890625}, {"Bounds": [334.79969787597656, 126.33912658691406, 555.6199035644531, 185.3390350341797], "ClipBounds": [334.79969787597656, 126.33912658691406, 555.6199035644531, 185.3390350341797], "Font": {"alt_family_name": "Times New Roman PSMT", "embedded": true, "encoding": "MacRomanEncoding", "family_name": "Times New Roman PSMT", "font_type": "TrueType", "italic": false, "monospaced": false, "name": "UNKKPZ+TimesNewRomanPSMT", "subset": true, "weight": 400}, "HasClip": true, "Page": 4, "Path": "//Document/L/LI[21]/LBody/StyleSpan", "Text": "Ana Valencia, Ruth Mugge, Jan Schoormans, and Hendrik Schifferstein. 2015. The design of smart product-service systems (PSSs): An exploration of design characteristics. International Journal of Design 9, 1: 13-28. ", "TextSize": 9.839996337890625}, {"Bounds": [316.79969787597656, 110.9791259765625, 331.8786163330078, 123.89903259277344], "ClipBounds": [316.79969787597656, 110.9791259765625, 331.8786163330078, 123.89903259277344], "Font": {"alt_family_name": "Times New Roman PSMT", "embedded": true, "encoding": "MacRomanEncoding", "family_name": "Times New Roman PSMT", "font_type": "TrueType", "italic": false, "monospaced": false, "name": "UNKKPZ+TimesNewRomanPSMT", "subset": true, "weight": 400}, "HasClip": true, "Page": 4, "Path": "//Document/L/LI[22]/Lbl", "Text": "22. ", "TextSize": 9.839996337890625}, {"Bounds": [334.79969787597656, 74.98847961425781, 559.2379760742188, 123.89903259277344], "ClipBounds": [334.79969787597656, 74.98847961425781, 559.2379760742188, 123.89903259277344], "Font": {"alt_family_name": "Times", "embedded": true, "encoding": "MacRomanEncoding", "family_name": "Times", "font_type": "TrueType", "italic": false, "monospaced": false, "name": "LTTDQX+Times-Roman", "subset": true, "weight": 400}, "HasClip": true, "Page": 4, "Path": "//Document/L/LI[22]/LBody", "Text": "Ron Wakkary, Audrey Desjardins, and Sabrina Hauser. 2015. Unselfconscious Interaction: A Conceptual Construct. Interacting with Computers, first published online July 17, 2015. doi:10.1093/iwc/iwv018 ", "TextSize": 9.839996337890625}], "pages": [{"boxes": {"CropBox": [0.0, 0.0, 612.0, 792.0], "MediaBox": [0.0, 0.0, 612.0, 792.0]}, "height": 792.0, "is_scanned": false, "page_number": 0, "rotation": 0, "width": 612.0}, {"boxes": {"CropBox": [0.0, 0.0, 612.0, 792.0], "MediaBox": [0.0, 0.0, 612.0, 792.0]}, "height": 792.0, "is_scanned": false, "page_number": 1, "rotation": 0, "width": 612.0}, {"boxes": {"CropBox": [0.0, 0.0, 612.0, 792.0], "MediaBox": [0.0, 0.0, 612.0, 792.0]}, "height": 792.0, "is_scanned": false, "page_number": 2, "rotation": 0, "width": 612.0}, {"boxes": {"CropBox": [0.0, 0.0, 612.0, 792.0], "MediaBox": [0.0, 0.0, 612.0, 792.0]}, "height": 792.0, "is_scanned": false, "page_number": 3, "rotation": 0, "width": 612.0}, {"boxes": {"CropBox": [0.0, 0.0, 612.0, 792.0], "MediaBox": [0.0, 0.0, 612.0, 792.0]}, "height": 792.0, "is_scanned": false, "page_number": 4, "rotation": 0, "width": 612.0}]}